strategy_id,total_return,cagr,mdd,win_rate,profit_factor,avg_gain,avg_loss,avg_holding_days,params_json
strong_close,0.587611643230451,0.8955457342838771,-0.07819763202474761,0.38202247191011235,3.8357837731477686,1383420.6339831569,-222954.5598510476,8.741573033707866,"{""exit_ma"": 10, ""threshold"": 0.7}"
strong_close,0.587611643230451,0.8955457342838771,-0.07819763202474761,0.38202247191011235,3.8357837731477686,1383420.6339831569,-222954.5598510476,8.741573033707866,"{""exit_ma"": 10, ""threshold"": 0.8}"
strong_close,0.587611643230451,0.8955457342838771,-0.07819763202474761,0.38202247191011235,3.8357837731477686,1383420.6339831569,-222954.5598510476,8.741573033707866,"{""exit_ma"": 10, ""threshold"": 0.9}"
momentum,0.21457943134976776,0.308594775546974,-0.15260166872640246,0.38461538461538464,1.3084806799852495,1727198.2281691795,-825001.7819276524,8.184615384615384,"{""lookback"": 120}"
volatility,0.17758894690946625,0.25378025461968745,-0.0854581051568899,0.4107142857142857,1.5585306158657075,526634.6677164001,-235509.26817575176,6.883928571428571,"{""exit_ma"": 10, ""low_window"": 40, ""vol_window"": 20}"
volatility,0.1535960488250674,0.21857646777772355,-0.07292628479928831,0.40963855421686746,1.8953128823549277,502225.2503203614,-183865.59285130465,8.240963855421686,"{""exit_ma"": 20, ""low_window"": 60, ""vol_window"": 20}"
volatility,0.14597503965092384,0.20745283785750113,-0.07187841767449354,0.43434343434343436,1.493750392825558,391663.34084935626,-201333.16470470774,6.818181818181818,"{""exit_ma"": 10, ""low_window"": 60, ""vol_window"": 20}"
volatility,0.14394142954005051,0.20448936371860493,-0.09574315854734972,0.35135135135135137,1.486875956596292,594705.87637798,-216650.45310313176,6.972972972972973,"{""exit_ma"": 20, ""low_window"": 40, ""vol_window"": 20}"
consecutive,0.12081378596126058,0.17092929982561267,-0.04028013743462644,0.75,4.2652720661788335,1045766.0021444311,-735544.6400032183,20.875,"{""buy_days"": 5}"
mean_reversion,0.11975734781165048,0.16940261614589192,-0.045180130116130535,0.5714285714285714,1.8292372908602617,646994.3637596088,-471594.99535119545,16.428571428571427,"{""window"": 20, ""z_buy"": -1.5, ""z_sell"": -0.2}"
mean_reversion,0.11975734781165048,0.16940261614589192,-0.045180130116130535,0.5714285714285714,1.8292372908602617,646994.3637596088,-471594.99535119545,16.428571428571427,"{""window"": 20, ""z_buy"": -1.0, ""z_sell"": -0.2}"
volatility,0.11145233348674677,0.15742010722854505,-0.0943457245813405,0.4014084507042254,1.3370347361803783,412976.028518997,-207127.65247556445,5.007042253521127,"{""exit_ma"": 10, ""low_window"": 60, ""vol_window"": 10}"
consecutive,0.07746816097995857,0.10874656427215923,-0.08016152413480004,0.3333333333333333,1.4268141388472984,2097183.482523403,-734918.2438778207,35.666666666666664,"{""buy_days"": 7}"
mean_reversion,0.06702487801323298,0.09390630042303871,-0.08093747004444185,0.5666666666666667,1.3874718473316434,581799.4178058498,-548345.9896845875,19.5,"{""window"": 20, ""z_buy"": -1.5, ""z_sell"": 0.0}"
mean_reversion,0.06702487801323298,0.09390630042303871,-0.08093747004444185,0.5666666666666667,1.3874718473316434,581799.4178058498,-548345.9896845875,19.5,"{""window"": 20, ""z_buy"": -2.0, ""z_sell"": 0.0}"
mean_reversion,0.06702487801323298,0.09390630042303871,-0.08093747004444185,0.5666666666666667,1.3874718473316434,581799.4178058498,-548345.9896845875,19.5,"{""window"": 20, ""z_buy"": -1.0, ""z_sell"": 0.0}"
volatility,0.06397053631447247,0.089576469863488,-0.11101583437866347,0.41818181818181815,1.2224984963129935,417432.99003348255,-245423.58333482122,6.590909090909091,"{""exit_ma"": 20, ""low_window"": 60, ""vol_window"": 10}"
golden_cross,0.06254955068822299,0.08756370600164587,-0.074990402912393,0.3076923076923077,1.9214715798164412,1722457.3230906632,-398411.61122634285,17.153846153846153,"{""fast"": 5, ""slow"": 120}"
volatility,0.05853636183041533,0.08188477615625667,-0.047147417591649865,0.4423076923076923,1.6978034816092085,347895.22239959316,-162514.0385872553,7.75,"{""exit_ma"": 20, ""low_window"": 120, ""vol_window"": 20}"
trend_filter,0.05593173172071286,0.07820346514178822,-0.3264083604463657,0.40229885057471265,1.0513984197103625,1605303.099663193,-1027671.7661652961,6.195402298850575,"{""ma"": 120}"
momentum,0.03792951839001435,0.0528551028603379,-0.2137559314757279,0.3404255319148936,1.0223894310772585,1817317.271460431,-917429.4805027768,16.829787234042552,"{""lookback"": 60}"
consecutive,0.03139981136032799,0.04370226407050071,-0.12076474012179783,0.3291139240506329,1.1083143166520921,834758.1066715184,-369483.6119186146,9.443037974683545,"{""buy_days"": 2}"
mean_reversion,0.017835946481382425,0.02476052966329423,-0.08899006215380112,0.44,1.1065206663645664,680318.2317163869,-483077.96658479475,27.96,"{""window"": 60, ""z_buy"": -1.0, ""z_sell"": -0.2}"
volatility,0.01198466742383908,0.01661907289220954,-0.06375672543142985,0.39436619718309857,1.0800578677274633,298787.494277316,-180137.84669570747,5.929577464788732,"{""exit_ma"": 10, ""low_window"": 120, ""vol_window"": 20}"
consecutive,0.009091603545499316,0.012600328795117743,-0.08635718603400122,0.4838709677419355,1.0806785454149543,610757.5280366096,-529838.5768493838,22.548387096774192,"{""buy_days"": 3}"
golden_cross,0.0031994909444224007,0.004429282525259648,-0.19864506232152612,0.32608695652173914,1.091244022153728,1410974.3297696894,-625643.3030049712,16.608695652173914,"{""fast"": 10, ""slow"": 60}"
week52_high,0.0,0.0,0.0,0.0,0.0,0.0,0.0,0.0,"{""exit_ma"": 10, ""window"": 252}"
week52_high,0.0,0.0,0.0,0.0,0.0,0.0,0.0,0.0,"{""exit_ma"": 20, ""window"": 252}"
mean_reversion,-0.02551123546614431,-0.0351217920079252,-0.11323507851549197,0.42857142857142855,0.851353857497515,582673.3249213514,-513305.9418742213,20.678571428571427,"{""window"": 20, ""z_buy"": -2.0, ""z_sell"": -0.2}"
golden_cross,-0.03706513524509614,-0.05091315436382304,-0.24586221382097728,0.25757575757575757,0.9819951930895765,1889450.3630278388,-667542.5704211087,11.181818181818182,"{""fast"": 3, ""slow"": 20}"
mean_reversion,-0.0396134906913308,-0.05438639416868207,-0.11690406783050877,0.5373134328358209,0.8884149531828063,346763.81084039644,-453271.8143784742,8.701492537313433,"{""window"": 10, ""z_buy"": -2.0, ""z_sell"": 0.0}"
golden_cross,-0.0506854671347986,-0.0694356713575296,-0.09992632155059578,0.18181818181818182,0.3958584870505544,1008111.7427920001,-565921.5074576531,16.0,"{""fast"": 3, ""slow"": 120}"
breakout_fail,-0.05944384518507506,-0.08129269705989073,-0.3875855814124458,0.3652173913043478,0.9561584941097463,1389101.8691816437,-835854.4106662782,4.191304347826087,"{""entry_ma"": 20, ""lookback"": 120}"
golden_cross,-0.06960739667228732,-0.09499903257439779,-0.17903272560008632,0.3,0.916989071074488,1796008.6612571308,-839397.1334682378,13.28,"{""fast"": 3, ""slow"": 60}"
mean_reversion,-0.07755617590139974,-0.10567866192883602,-0.15218278354325887,0.5151515151515151,0.7628171568843376,373854.4314189053,-520728.10607066035,8.969696969696969,"{""window"": 10, ""z_buy"": -1.5, ""z_sell"": 0.0}"
mean_reversion,-0.07755617590139974,-0.10567866192883602,-0.15218278354325887,0.5151515151515151,0.7628171568843376,373854.4314189053,-520728.10607066035,8.969696969696969,"{""window"": 10, ""z_buy"": -1.0, ""z_sell"": 0.0}"
strong_close,-0.07778487817689439,-0.10598541562146269,-0.16911005917933075,0.2857142857142857,0.9298247994912185,721020.4176431148,-310174.74175248615,12.26984126984127,"{""exit_ma"": 20, ""threshold"": 0.7}"
strong_close,-0.07778487817689439,-0.10598541562146269,-0.16911005917933075,0.2857142857142857,0.9298247994912185,721020.4176431148,-310174.74175248615,12.26984126984127,"{""exit_ma"": 20, ""threshold"": 0.8}"
strong_close,-0.07778487817689439,-0.10598541562146269,-0.16911005917933075,0.2857142857142857,0.9298247994912185,721020.4176431148,-310174.74175248615,12.26984126984127,"{""exit_ma"": 20, ""threshold"": 0.9}"
mean_reversion,-0.08567795613855922,-0.11655433104052637,-0.1311601500766718,0.4,0.6844995412008614,680313.6348821411,-662589.8133680006,20.142857142857142,"{""window"": 60, ""z_buy"": -1.0, ""z_sell"": -0.5}"
mean_reversion,-0.09210211840459193,-0.1251305738538694,-0.24868537089106113,0.3870967741935484,0.7714890514892565,644800.5525801039,-527865.5004565406,12.435483870967742,"{""window"": 20, ""z_buy"": -2.0, ""z_sell"": -0.5}"
mean_reversion,-0.10290461191162781,-0.13949942581400265,-0.2588473267212079,0.40625,0.7741358910873404,675329.4776771433,-596881.6879282419,12.140625,"{""window"": 20, ""z_buy"": -1.5, ""z_sell"": -0.5}"
ma_volume,-0.1050426381516264,-0.14233547164651772,-0.29613015797152276,0.3698630136986301,0.858773223843769,1106633.139912411,-756364.4517663828,10.479452054794521,
mean_reversion,-0.11457060890645077,-0.15494248829876744,-0.2672548702540881,0.42424242424242425,0.7411583967169079,583442.2233581205,-580044.4251363195,11.787878787878787,"{""window"": 20, ""z_buy"": -1.0, ""z_sell"": -0.5}"
volatility,-0.11460756854835952,-0.15499129089301167,-0.1822149221700562,0.30851063829787234,0.6242670375292286,334839.90977272205,-239304.82407364363,7.74468085106383,"{""exit_ma"": 20, ""low_window"": 40, ""vol_window"": 10}"
mean_reversion,-0.1201823089032431,-0.16234338333218,-0.16620827872620503,0.5104166666666666,0.6978649815420054,282559.0180837404,-422120.05743058264,7.854166666666667,"{""window"": 10, ""z_buy"": -2.0, ""z_sell"": -0.2}"
trend_filter,-0.1329045591711352,-0.17905482945443996,-0.29440293225698044,0.35714285714285715,0.8478358286725999,1707740.9356722846,-1119019.6641580565,14.125,"{""ma"": 60}"
week52_high,-0.1361967621148834,-0.18336409821942645,-0.2036195831434412,0.37209302325581395,0.8182926386380986,1537852.2348947646,-1113684.5180684133,11.069767441860465,"{""exit_ma"": 20, ""window"": 126}"
mean_reversion,-0.14333666465888728,-0.19268809533101083,-0.21571421727785334,0.42592592592592593,0.6983258175002623,337956.24143003323,-359061.2307735724,7.277777777777778,"{""window"": 10, ""z_buy"": -1.0, ""z_sell"": -0.5}"
mean_reversion,-0.14333666465888728,-0.19268809533101083,-0.21571421727785334,0.42592592592592593,0.6983258175002623,337956.24143003323,-359061.2307735724,7.277777777777778,"{""window"": 10, ""z_buy"": -1.5, ""z_sell"": -0.5}"
golden_cross,-0.1641790932163647,-0.21973543591551337,-0.21201664798024866,0.3448275862068966,0.355683045778096,479937.0667045299,-710178.5119043046,13.344827586206897,"{""fast"": 10, ""slow"": 120}"
breakout_fail,-0.1679870954668251,-0.22464940248605947,-0.3469269761239253,0.3931034482758621,0.9201592387551529,1399616.9301172956,-985231.7064536095,3.503448275862069,"{""entry_ma"": 10, ""lookback"": 120}"
volatility,-0.17725485242734895,-0.23657275009487455,-0.17841286535046608,0.3333333333333333,0.2765174017726812,133083.68648640704,-240642.51586562383,5.217948717948718,"{""exit_ma"": 20, ""low_window"": 120, ""vol_window"": 10}"
volatility,-0.1861450809822205,-0.24796209407899594,-0.2090517682340094,0.3310810810810811,0.6175185835997318,291809.4123413976,-233889.18988955006,5.04054054054054,"{""exit_ma"": 10, ""low_window"": 40, ""vol_window"": 10}"
mean_reversion,-0.1891401669610997,-0.2517884160018439,-0.23426839668990518,0.47474747474747475,0.5727161907742085,269286.17685096327,-424980.6084609809,7.838383838383838,"{""window"": 10, ""z_buy"": -1.5, ""z_sell"": -0.2}"
mean_reversion,-0.1891401669610997,-0.2517884160018439,-0.23426839668990518,0.47474747474747475,0.5727161907742085,269286.17685096327,-424980.6084609809,7.838383838383838,"{""window"": 10, ""z_buy"": -1.0, ""z_sell"": -0.2}"
golden_cross,-0.21709165975668088,-0.2872345472509962,-0.3191041091234973,0.23880597014925373,0.6981459899254536,1546776.0957354526,-695073.947083756,10.074626865671641,"{""fast"": 5, ""slow"": 60}"
disparity,-0.22264479609799115,-0.29421957895226414,-0.42552398500513755,0.2777777777777778,0.7745202510820263,1472449.1441524485,-731196.6254124587,8.577777777777778,"{""buy_below"": -0.04, ""ma"": 20, ""sell_above"": 0.0}"
disparity,-0.22264479609799115,-0.29421957895226414,-0.42552398500513755,0.2777777777777778,0.7745202510820263,1472449.1441524485,-731196.6254124587,8.577777777777778,"{""buy_below"": -0.06, ""ma"": 20, ""sell_above"": 0.0}"
volatility,-0.23010518175913242,-0.30357355153567456,-0.23118880789973528,0.3235294117647059,0.2884990254852989,141320.3902566521,-234274.66563448205,4.1568627450980395,"{""exit_ma"": 10, ""low_window"": 120, ""vol_window"": 10}"
golden_cross,-0.2391680087798188,-0.31488999634080583,-0.3072625341620012,0.3333333333333333,0.6182669508960454,849398.935735801,-686919.2462129663,10.453333333333333,"{""fast"": 10, ""slow"": 20}"
mean_reversion,-0.2623475607471183,-0.343597935631755,-0.2829793082367802,0.39215686274509803,0.471767052001803,282824.6632097373,-386774.62505530386,7.480392156862745,"{""window"": 10, ""z_buy"": -2.0, ""z_sell"": -0.5}"
disparity,-0.28778759666829345,-0.3747093441651004,-0.4867621639654298,0.2857142857142857,0.7221757089398156,1296092.1440909484,-717881.8827864848,7.877551020408164,"{""buy_below"": -0.06, ""ma"": 20, ""sell_above"": -0.01}"
disparity,-0.28778759666829345,-0.3747093441651004,-0.4867621639654298,0.2857142857142857,0.7221757089398156,1296092.1440909484,-717881.8827864848,7.877551020408164,"{""buy_below"": -0.04, ""ma"": 20, ""sell_above"": -0.01}"
disparity,-0.3237646661096024,-0.41798185166405444,-0.4897127706797568,0.2828282828282828,0.6998239197679602,1298109.6038318053,-731513.3614749091,7.707070707070707,"{""buy_below"": -0.06, ""ma"": 20, ""sell_above"": -0.02}"
disparity,-0.3237646661096024,-0.41798185166405444,-0.4897127706797568,0.2828282828282828,0.6998239197679602,1298109.6038318053,-731513.3614749091,7.707070707070707,"{""buy_below"": -0.04, ""ma"": 20, ""sell_above"": -0.02}"
week52_high,-0.36027222667218395,-0.46099851972279027,-0.3689951087917863,0.3611111111111111,0.6191150685186302,1106856.0753958991,-1010497.6203883381,6.75,"{""exit_ma"": 10, ""window"": 126}"
golden_cross,-0.37372994017694927,-0.47662240950474344,-0.4710270600712445,0.20634920634920634,0.44784763015644585,1122024.9948601355,-651396.7676053725,11.380952380952381,"{""fast"": 5, ""slow"": 20}"
disparity,-0.40244325459418373,-0.509526580740152,-0.4386820324098962,0.2441860465116279,0.5787364692875526,1268924.9543742244,-708371.4119129675,8.80232558139535,"{""buy_below"": -0.08, ""ma"": 20, ""sell_above"": 0.0}"
disparity,-0.4340593947690674,-0.545061324459257,-0.5722233970809694,0.2828282828282828,0.5844960791813935,1065790.4147899796,-719100.9963036572,7.747474747474747,"{""buy_below"": -0.08, ""ma"": 20, ""sell_above"": -0.02}"
breakout_fail,-0.43946882468540005,-0.5510664414622373,-0.7317843950074278,0.3898305084745763,0.8359138315708462,1135333.196212378,-867735.0904503143,3.2711864406779663,"{""entry_ma"": 10, ""lookback"": 20}"
disparity,-0.4691649656804686,-0.5836339358852827,-0.5091050146921825,0.1509433962264151,0.26644307937919737,1053956.0779533023,-703227.0076238632,13.60377358490566,"{""buy_below"": -0.04, ""ma"": 60, ""sell_above"": -0.01}"
disparity,-0.4767621800177728,-0.5918555927813238,-0.5189794321188868,0.16666666666666666,0.2643825215414422,942328.0541993425,-712852.0060291744,13.351851851851851,"{""buy_below"": -0.04, ""ma"": 60, ""sell_above"": -0.02}"
disparity,-0.51542109645965,-0.6329758521671391,-0.5610536489662549,0.3712121212121212,0.5304929829283944,585362.7234051145,-651423.477440494,5.9393939393939394,"{""buy_below"": -0.04, ""ma"": 10, ""sell_above"": 0.0}"
disparity,-0.5318883746459011,-0.6501185321098368,-0.5694944158505775,0.3464566929133858,0.523685239729812,655450.6948600777,-663505.1207827595,6.0236220472440944,"{""buy_below"": -0.06, ""ma"": 10, ""sell_above"": 0.0}"
disparity,-0.5433014192032585,-0.6618651749749327,-0.6126748738724916,0.36423841059602646,0.521719850419538,531126.5457024612,-583246.4490230551,5.178807947019868,"{""buy_below"": -0.04, ""ma"": 10, ""sell_above"": -0.02}"
disparity,-0.5550366638388371,-0.6738265731828832,-0.6226371253459255,0.3958333333333333,0.5076032835230317,496137.39076391107,-640373.1859726136,5.263888888888889,"{""buy_below"": -0.06, ""ma"": 10, ""sell_above"": -0.01}"
disparity,-0.5695588119729142,-0.6884616956735937,-0.6052978240224166,0.3624161073825503,0.5026432634476112,526563.7050915657,-595471.8132951326,5.100671140939597,"{""buy_below"": -0.06, ""ma"": 10, ""sell_above"": -0.02}"
disparity,-0.5739021437672472,-0.692802438228111,-0.5976069864406146,0.25806451612903225,0.42071038010031525,847860.0175125878,-700975.8877543568,8.10752688172043,"{""buy_below"": -0.08, ""ma"": 20, ""sell_above"": -0.01}"
breakout_fail,-0.5812191630850125,-0.7000767404967428,-0.8043660433412045,0.358974358974359,0.7026604207375331,951385.9172271906,-758227.0153881861,3.7743589743589743,"{""entry_ma"": 20, ""lookback"": 60}"
disparity,-0.5989544838732396,-0.717505876916049,-0.6141205309484963,0.40145985401459855,0.4798307505352702,497470.647556089,-695389.6481273952,4.9489051094890515,"{""buy_below"": -0.08, ""ma"": 10, ""sell_above"": -0.02}"
disparity,-0.6106277106549549,-0.7288180846459906,-0.632633136924553,0.39072847682119205,0.4931618578533261,496878.4358034201,-646137.3606807402,5.185430463576159,"{""buy_below"": -0.04, ""ma"": 10, ""sell_above"": -0.01}"
breakout_fail,-0.6155252193546272,-0.7335257512658719,-0.6735126379437892,0.38349514563106796,0.7345287705811147,1050854.3084916205,-889932.501928929,3.6941747572815533,"{""entry_ma"": 10, ""lookback"": 60}"
momentum,-0.6477960773506691,-0.7639633404442013,-0.8710512588159728,0.3319838056680162,0.7643830587370388,1220416.4904012622,-793463.4428105328,3.182186234817814,"{""lookback"": 10}"
breakout_fail,-0.6570469523491168,-0.7724972774111116,-0.8750350738403256,0.35909090909090907,0.7233203102891876,1058459.6597959371,-819882.524095775,3.3545454545454545,"{""entry_ma"": 20, ""lookback"": 20}"
disparity,-0.6599873794010562,-0.7751914955100224,-0.6840330028194832,0.3805970149253731,0.3929771029720765,417385.4675932043,-652622.6777702125,5.164179104477612,"{""buy_below"": -0.08, ""ma"": 10, ""sell_above"": -0.01}"
disparity,-0.6789101943504006,-0.7923143100509089,-0.6983291234884721,0.34710743801652894,0.3582140587101418,450022.104172638,-667903.0375749831,5.7190082644628095,"{""buy_below"": -0.08, ""ma"": 10, ""sell_above"": 0.0}"
momentum,-0.8724615239805096,-0.9421059001270641,-0.9126855584633861,0.2899628252788104,0.6467512612283292,1013332.2280637614,-639846.5112788836,2.9144981412639406,"{""lookback"": 5}"
trend_filter,-0.8976710971263479,-0.9573115709711505,-0.9631963758279336,0.291497975708502,0.6241935054792264,1019762.9310736778,-672162.7223681828,3.165991902834008,"{""ma"": 20}"
momentum,-0.9703838747935657,-0.9923206479357066,-0.975054841523949,0.31640625,0.5314444021498921,679235.114526947,-591574.2515423363,3.0859375,"{""lookback"": 20}"
